{
  "RM1": {
    "accuracy": 0.5499107510641219
  },
  "RM2": {
    "accuracy": 0.526019497459838
  }
}